{
  "mse": 13096.416580145145,
  "rmse": 114.43957610960094,
  "mae": 110.79393408808927,
  "r2": -19.267702699946646,
  "mape": 82.534574551724
}