{
  "mse": 424.65408409336646,
  "rmse": 20.607136727196394,
  "mae": 15.594277222951254,
  "r2": 0.24777036372603123,
  "mape": 10.436342168542177
}