{
  "mse": 85.52575627536181,
  "rmse": 9.248013639445057,
  "mae": 7.127094713846843,
  "r2": 0.7334071693686326,
  "mape": 3.235109719225203
}