{
  "mse": 11734.153602184748,
  "rmse": 108.32429829998783,
  "mae": 106.3370634456314,
  "r2": -28.678957392800225,
  "mape": 48.17715007510705
}