{
  "mse": 535.4252299051876,
  "rmse": 23.13925733261955,
  "mae": 17.52766882578532,
  "r2": 0.8526023205645198,
  "mape": 5.4912359472853325
}