{
  "mse": 6261.854981281784,
  "rmse": 79.13188346856015,
  "mae": 61.646343613704694,
  "r2": -0.007111710873148436,
  "mape": 19.480738177209965
}