{
  "mse": 8143.377053267979,
  "rmse": 90.24066186186789,
  "mae": 88.17589223804836,
  "r2": -5.430566168028065,
  "mape": 27.902923747117793
}