{
  "mse": 272.0195095918219,
  "rmse": 16.49301396324583,
  "mae": 13.496457163492838,
  "r2": 0.3726785087209169,
  "mape": 3.933430387606731
}