{
  "mse": 958.6300931499626,
  "rmse": 30.9617521007769,
  "mae": 26.54795250207751,
  "r2": -1.353211785119659,
  "mape": 12.546616358429057
}