{
  "mse": 171.8384230523865,
  "rmse": 13.108715537854444,
  "mae": 11.283383242289226,
  "r2": 0.3937017701607265,
  "mape": 5.178483180148046
}