{
  "mse": 18.39985235608134,
  "rmse": 4.289504908037912,
  "mae": 3.262569999694824,
  "r2": 0.521884327789684,
  "mape": 3.525543146298872
}