{
  "mse": 810.7685234092705,
  "rmse": 28.4739973205251,
  "mae": 26.333923494912746,
  "r2": -3.442587716918645,
  "mape": 29.401546800028168
}