{
  "mse": 75.58806895468486,
  "rmse": 8.694139920353528,
  "mae": 6.882491292832769,
  "r2": 0.731223281102016,
  "mape": 3.1148233984761906
}