{
  "mse": 23789.39811620619,
  "rmse": 154.23812147522477,
  "mae": 117.51007268216917,
  "r2": 0.0642095385914061,
  "mape": 52.82994493410194
}