{
  "mse": 71.47969192503223,
  "rmse": 8.454566335716589,
  "mae": 6.833944084938995,
  "r2": 0.7624884315202148,
  "mape": 3.1250395597612473
}