{
  "mse": 60.48622916206491,
  "rmse": 7.777289319683621,
  "mae": 5.948232723187797,
  "r2": 0.7769338029649605,
  "mape": 2.6647373003620234
}