{
  "AAPL": {
    "success": true,
    "metrics": {
      "return_mae": 0.010375080960735628,
      "return_rmse": 0.014820912843222987,
      "return_r2": -0.05120798341081856,
      "directional_accuracy_pct": 48.45360824742268,
      "price_mae": 2.3048498844112344,
      "price_rmse": 3.304386257487409,
      "price_mape_pct": 1.029404776714601,
      "price_r2": 0.971104534088897
    }
  },
  "MSFT": {
    "success": true,
    "metrics": {
      "return_mae": 0.007465334540235969,
      "return_rmse": 0.010101365188892673,
      "return_r2": -0.04795825296834422,
      "directional_accuracy_pct": 47.42268041237113,
      "price_mae": 3.7574471939043237,
      "price_rmse": 5.106684534575865,
      "price_mape_pct": 0.7429253721216414,
      "price_r2": 0.9260035625493719
    }
  },
  "GOOGL": {
    "success": true,
    "metrics": {
      "return_mae": 0.012618756423991942,
      "return_rmse": 0.017837315253500987,
      "return_r2": -0.1474962813909142,
      "directional_accuracy_pct": 38.144329896907216,
      "price_mae": 2.5421619000916507,
      "price_rmse": 3.665423242117581,
      "price_mape_pct": 1.24526855890855,
      "price_r2": 0.9841940132002313
    }
  },
  "AMZN": {
    "success": true,
    "metrics": {
      "return_mae": 0.012063502131508048,
      "return_rmse": 0.017342737321033863,
      "return_r2": -0.029565141470561107,
      "directional_accuracy_pct": 50.51546391752577,
      "price_mae": 2.6907927939317315,
      "price_rmse": 3.9109754790066575,
      "price_mape_pct": 1.2123145142470078,
      "price_r2": 0.7670708532419971
    }
  },
  "TSLA": {
    "success": true,
    "metrics": {
      "return_mae": 0.03237447897425692,
      "return_rmse": 0.0415112976571987,
      "return_r2": -0.43272637076972775,
      "directional_accuracy_pct": 44.329896907216494,
      "price_mae": 11.48084538708302,
      "price_rmse": 14.879666729522302,
      "price_mape_pct": 3.2115722967486056,
      "price_r2": 0.8976815001708014
    }
  },
  "META": {
    "success": true,
    "metrics": {
      "return_mae": 0.013237491264397779,
      "return_rmse": 0.0195012236507026,
      "return_r2": -0.08367965352552464,
      "directional_accuracy_pct": 48.45360824742268,
      "price_mae": 9.546473544582184,
      "price_rmse": 13.858383897716207,
      "price_mape_pct": 1.3073778464578956,
      "price_r2": 0.8333710358411098
    }
  },
  "NVDA": {
    "success": true,
    "metrics": {
      "return_mae": 0.014377259524265036,
      "return_rmse": 0.018440055036623843,
      "return_r2": -0.03154722319046943,
      "directional_accuracy_pct": 51.546391752577314,
      "price_mae": 2.3939243976078637,
      "price_rmse": 3.0951355775932563,
      "price_mape_pct": 1.4301543189969936,
      "price_r2": 0.9612499415016079
    }
  },
  "JPM": {
    "success": true,
    "metrics": {
      "return_mae": 0.00898508932904435,
      "return_rmse": 0.011687301143772496,
      "return_r2": -0.23492780856183915,
      "directional_accuracy_pct": 52.57731958762887,
      "price_mae": 2.58064308298127,
      "price_rmse": 3.3511848643128035,
      "price_mape_pct": 0.8965558713448889,
      "price_r2": 0.951425220074485
    }
  },
  "V": {
    "success": true,
    "metrics": {
      "return_mae": 0.009136684106191317,
      "return_rmse": 0.012379027677939601,
      "return_r2": 0.0009066372827435387,
      "directional_accuracy_pct": 53.608247422680414,
      "price_mae": 3.1888983324301168,
      "price_rmse": 4.354092595246316,
      "price_mape_pct": 0.9177193446163103,
      "price_r2": 0.7640344999699108
    }
  },
  "WMT": {
    "success": true,
    "metrics": {
      "return_mae": 0.010032615564558634,
      "return_rmse": 0.013223692457244094,
      "return_r2": -0.48440786497289423,
      "directional_accuracy_pct": 51.546391752577314,
      "price_mae": 0.9941169473567405,
      "price_rmse": 1.317357519902166,
      "price_mape_pct": 1.0084250474282135,
      "price_r2": 0.8135012006683473
    }
  }
}