{
  "AAPL": {
    "success": true,
    "metrics": {
      "mse": 85.52575627536181,
      "rmse": 9.248013639445057,
      "mae": 7.127094713846843,
      "r2": 0.7334071693686326,
      "mape": 3.235109719225203
    }
  },
  "MSFT": {
    "success": true,
    "metrics": {
      "mse": 719.4523426455947,
      "rmse": 26.822608796416407,
      "mae": 22.081035232543947,
      "r2": 0.6887947835767052,
      "mape": 4.757550745303238
    }
  },
  "GOOGL": {
    "success": true,
    "metrics": {
      "mse": 86.43089903887208,
      "rmse": 9.296821985973061,
      "mae": 7.2228331247965505,
      "r2": 0.8572654373722379,
      "mape": 3.753433197483045
    }
  },
  "AMZN": {
    "success": true,
    "metrics": {
      "mse": 171.8384230523865,
      "rmse": 13.108715537854444,
      "mae": 11.283383242289226,
      "r2": 0.3937017701607265,
      "mape": 5.178483180148046
    }
  },
  "TSLA": {
    "success": true,
    "metrics": {
      "mse": 535.4252299051876,
      "rmse": 23.13925733261955,
      "mae": 17.52766882578532,
      "r2": 0.8526023205645198,
      "mape": 5.4912359472853325
    }
  },
  "META": {
    "success": true,
    "metrics": {
      "mse": 2435.987787401658,
      "rmse": 49.35572699699254,
      "mae": 40.245898564656585,
      "r2": 0.5708569143445763,
      "mape": 6.033383915268269
    }
  },
  "NVDA": {
    "success": true,
    "metrics": {
      "mse": 424.65408409336646,
      "rmse": 20.607136727196394,
      "mae": 15.594277222951254,
      "r2": 0.24777036372603123,
      "mape": 10.436342168542177
    }
  },
  "JPM": {
    "success": true,
    "metrics": {
      "mse": 606.7005940969083,
      "rmse": 24.63129298467517,
      "mae": 20.36206169128418,
      "r2": 0.19252973287210073,
      "mape": 7.390307216287782
    }
  },
  "V": {
    "success": true,
    "metrics": {
      "mse": 272.0195095918219,
      "rmse": 16.49301396324583,
      "mae": 13.496457163492838,
      "r2": 0.3726785087209169,
      "mape": 3.933430387606731
    }
  },
  "WMT": {
    "success": true,
    "metrics": {
      "mse": 18.39985235608134,
      "rmse": 4.289504908037912,
      "mae": 3.262569999694824,
      "r2": 0.521884327789684,
      "mape": 3.525543146298872
    }
  }
}