{
  "AAPL": {
    "success": true,
    "metrics": {
      "return_mae": 0.010551903227077124,
      "return_rmse": 0.014694546461538617,
      "return_r2": -0.019727748889340146,
      "directional_accuracy_pct": 41.23711340206185,
      "price_mae": 2.306231798669973,
      "price_rmse": 3.222284632719154,
      "price_mape_pct": 1.0462707971216094,
      "price_r2": 0.9685671074049974
    }
  },
  "MSFT": {
    "success": true,
    "metrics": {
      "return_mae": 0.007914296094126156,
      "return_rmse": 0.01051950237428273,
      "return_r2": -0.22650957397000004,
      "directional_accuracy_pct": 46.391752577319586,
      "price_mae": 3.9419019365848618,
      "price_rmse": 5.2560385409142185,
      "price_mape_pct": 0.7870189127528598,
      "price_r2": 0.9390179397938055
    }
  },
  "GOOGL": {
    "success": true,
    "metrics": {
      "return_mae": 0.0116074902499723,
      "return_rmse": 0.016663288403650577,
      "return_r2": -0.04321683418617717,
      "directional_accuracy_pct": 61.855670103092784,
      "price_mae": 2.263513191298777,
      "price_rmse": 3.3239349664111204,
      "price_mape_pct": 1.1458202045642714,
      "price_r2": 0.9863122006515787
    }
  },
  "AMZN": {
    "success": true,
    "metrics": {
      "return_mae": 0.011614716882098622,
      "return_rmse": 0.016425998387286832,
      "return_r2": -0.018138978718859056,
      "directional_accuracy_pct": 49.48453608247423,
      "price_mae": 2.576755121209816,
      "price_rmse": 3.6896825027967104,
      "price_mape_pct": 1.1637064880706725,
      "price_r2": 0.840996764154978
    }
  },
  "TSLA": {
    "success": true,
    "metrics": {
      "return_mae": 0.025610470500832584,
      "return_rmse": 0.03429175331239716,
      "return_r2": -0.05370091005587563,
      "directional_accuracy_pct": 50.51546391752577,
      "price_mae": 8.823189503869136,
      "price_rmse": 11.780414008102882,
      "price_mape_pct": 2.579963901645374,
      "price_r2": 0.9179331720944833
    }
  },
  "META": {
    "success": true,
    "metrics": {
      "return_mae": 0.01255571467958949,
      "return_rmse": 0.01827517135979223,
      "return_r2": -0.00787807790382522,
      "directional_accuracy_pct": 45.36082474226804,
      "price_mae": 9.060874852867569,
      "price_rmse": 13.039690525922007,
      "price_mape_pct": 1.2436221548293827,
      "price_r2": 0.8966850709369274
    }
  },
  "NVDA": {
    "success": true,
    "metrics": {
      "return_mae": 0.013399498794038678,
      "return_rmse": 0.017290563670390283,
      "return_r2": -0.008877352026495311,
      "directional_accuracy_pct": 54.63917525773196,
      "price_mae": 2.1869371248557954,
      "price_rmse": 2.8344335488497507,
      "price_mape_pct": 1.3328750527550632,
      "price_r2": 0.9719650938451488
    }
  },
  "JPM": {
    "success": true,
    "metrics": {
      "return_mae": 0.007785759710165318,
      "return_rmse": 0.010279502289343696,
      "return_r2": 0.00023215782302921095,
      "directional_accuracy_pct": 59.79381443298969,
      "price_mae": 2.24594689950752,
      "price_rmse": 2.982369624363958,
      "price_mape_pct": 0.7799126257431428,
      "price_r2": 0.9663058609480843
    }
  },
  "V": {
    "success": true,
    "metrics": {
      "return_mae": 0.00972794473961046,
      "return_rmse": 0.012817503891392584,
      "return_r2": -0.03763079382835599,
      "directional_accuracy_pct": 52.57731958762887,
      "price_mae": 3.401077391536592,
      "price_rmse": 4.515829748969728,
      "price_mape_pct": 0.9762868319617861,
      "price_r2": 0.7721797316275982
    }
  },
  "WMT": {
    "success": true,
    "metrics": {
      "return_mae": 0.008892987114991565,
      "return_rmse": 0.011957189118825937,
      "return_r2": -0.16931473811581732,
      "directional_accuracy_pct": 49.48453608247423,
      "price_mae": 0.8795224336789372,
      "price_rmse": 1.1921268206799933,
      "price_mape_pct": 0.8929685787210598,
      "price_r2": 0.8384672466424035
    }
  }
}