{
  "mse": 719.4523426455947,
  "rmse": 26.822608796416407,
  "mae": 22.081035232543947,
  "r2": 0.6887947835767052,
  "mape": 4.757550745303238
}