{
  "mse": 2154.0351021552337,
  "rmse": 46.411583706605334,
  "mae": 38.659993076066016,
  "r2": -0.22735416554107712,
  "mape": 8.425891690722057
}