{
  "mse": 5561.155087061279,
  "rmse": 74.57315258899331,
  "mae": 67.84619363924354,
  "r2": -3.038600080587896,
  "mape": 26.97801322906136
}