{
  "mse": 606.7005940969083,
  "rmse": 24.63129298467517,
  "mae": 20.36206169128418,
  "r2": 0.19252973287210073,
  "mape": 7.390307216287782
}