{
  "base_model": "AAPL",
  "trained_on": "2025-10-06T12:04:46.347835",
  "metrics": {
    "return_mae": 0.01094359767285466,
    "return_rmse": 0.015600151023296474,
    "return_r2": -0.03004652816242337,
    "directional_accuracy_pct": 45.19230769230769,
    "price_mae": 2.373229977002948,
    "price_rmse": 3.3716400969465083,
    "price_mape_pct": 1.0840837822571603,
    "price_r2": 0.9648744156477028
  },
  "model_type": "LSTM_Return_Prediction",
  "prediction_type": "return"
}