{
  "mse": 2435.987787401658,
  "rmse": 49.35572699699254,
  "mae": 40.245898564656585,
  "r2": 0.5708569143445763,
  "mape": 6.033383915268269
}