{
  "mse": 20647.007919089432,
  "rmse": 143.69066747388095,
  "mae": 133.29678485322452,
  "r2": -1.2689969257658174,
  "mape": 21.383649521495364
}