{
  "mse": 536.6331700433083,
  "rmse": 23.16534415982867,
  "mae": 17.71397251036109,
  "r2": -0.10848472471895709,
  "mape": 9.230392219451804
}