{
  "mse": 86.43089903887208,
  "rmse": 9.296821985973061,
  "mae": 7.2228331247965505,
  "r2": 0.8572654373722379,
  "mape": 3.753433197483045
}